<?xml version="1.0" encoding="UTF-8"?>
<project-private xmlns="http://www.netbeans.org/ns/project-private/1">
    <editor-bookmarks xmlns="http://www.netbeans.org/ns/editor-bookmarks/2" lastBookmarkId="0"/>
    <open-files xmlns="http://www.netbeans.org/ns/projectui-open-files/2">
        <group>
            <file>file:/C:/Users/prateekchauhan/Documents/NetBeansProjects/Mr.Green/src/java/controller/ProductServlet.java</file>
            <file>file:/C:/Users/prateekchauhan/Documents/NetBeansProjects/Mr.Green/src/java/controller/ForgetPasswordServlet.java</file>
            <file>file:/C:/Users/prateekchauhan/Documents/NetBeansProjects/Mr.Green/web/JSP/index.jsp</file>
            <file>file:/C:/Users/prateekchauhan/Documents/NetBeansProjects/Mr.Green/web/JSP/register.jsp</file>
            <file>file:/C:/Users/prateekchauhan/Documents/NetBeansProjects/Mr.Green/web/css/cascading.css</file>
            <file>file:/C:/Users/prateekchauhan/Documents/NetBeansProjects/Mr.Green/src/java/model/OtpGenerator.java</file>
            <file>file:/C:/Users/prateekchauhan/Documents/NetBeansProjects/Mr.Green/web/JSP/try3.jsp</file>
            <file>file:/C:/Users/prateekchauhan/Documents/NetBeansProjects/Mr.Green/web/JSP/payment.html</file>
            <file>file:/C:/Users/prateekchauhan/Documents/NetBeansProjects/Mr.Green/web/JSP/try5.jsp</file>
            <file>file:/C:/Users/prateekchauhan/Documents/NetBeansProjects/Mr.Green/web/JSP/head.jsp</file>
            <file>file:/C:/Users/prateekchauhan/Documents/NetBeansProjects/Mr.Green/web/JSP/after_login_act.jsp</file>
            <file>file:/C:/Users/prateekchauhan/Documents/NetBeansProjects/Mr.Green/nbproject/build-impl.xml</file>
            <file>file:/C:/Users/prateekchauhan/Documents/NetBeansProjects/Mr.Green/web/JSP/try4.jsp</file>
            <file>file:/C:/Users/prateekchauhan/Documents/NetBeansProjects/Mr.Green/web/JSP/PayCOD.jsp</file>
            <file>file:/C:/Users/prateekchauhan/Documents/NetBeansProjects/Mr.Green/web/JSP/fbsignin.jsp</file>
            <file>file:/C:/Users/prateekchauhan/Documents/NetBeansProjects/Mr.Green/web/js/jquery.js</file>
            <file>file:/C:/Users/prateekchauhan/Documents/NetBeansProjects/Mr.Green/src/java/model/BaseDAO.java</file>
            <file>file:/C:/Users/prateekchauhan/Documents/NetBeansProjects/Mr.Green/web/css/bootstrap.mini.css</file>
            <file>file:/C:/Users/prateekchauhan/Documents/NetBeansProjects/Mr.Green/web/JSP/about.jsp</file>
            <file>file:/C:/Users/prateekchauhan/Documents/NetBeansProjects/Mr.Green/web/JSP/try1.jsp</file>
            <file>file:/C:/Users/prateekchauhan/Documents/NetBeansProjects/Mr.Green/src/java/controller/LoginServlet.java</file>
            <file>file:/C:/Users/prateekchauhan/Documents/NetBeansProjects/Mr.Green/src/java/model/Reset.java</file>
            <file>file:/C:/Users/prateekchauhan/Documents/NetBeansProjects/Mr.Green/src/java/model/Customer.java</file>
            <file>file:/C:/Users/prateekchauhan/Documents/NetBeansProjects/Mr.Green/src/java/model/EmailSender.java</file>
            <file>file:/C:/Users/prateekchauhan/Documents/NetBeansProjects/Mr.Green/web/JSP/try2.jsp</file>
            <file>file:/C:/Users/prateekchauhan/Documents/NetBeansProjects/Mr.Green/src/java/model/ProductDAO.java</file>
            <file>file:/C:/Users/prateekchauhan/Documents/NetBeansProjects/Mr.Green/web/JSP/otp_checker.jsp</file>
            <file>file:/C:/Users/prateekchauhan/Documents/NetBeansProjects/Mr.Green/web/JSP/ok.jsp</file>
            <file>file:/C:/Users/prateekchauhan/Documents/NetBeansProjects/Mr.Green/web/JSP/shop.jsp</file>
            <file>file:/C:/Users/prateekchauhan/Documents/NetBeansProjects/Mr.Green/web/JSP/resetPassword.jsp</file>
            <file>file:/C:/Users/prateekchauhan/Documents/NetBeansProjects/Mr.Green/web/JSP/afterLogin.jsp</file>
            <file>file:/C:/Users/prateekchauhan/Documents/NetBeansProjects/Mr.Green/web/JSP/google_signin.jsp</file>
            <file>file:/C:/Users/prateekchauhan/Documents/NetBeansProjects/Mr.Green/web/js/jquery.mini.js</file>
            <file>file:/C:/Users/prateekchauhan/Documents/NetBeansProjects/Mr.Green/web/css/bootstrap.min.css</file>
            <file>file:/C:/Users/prateekchauhan/Documents/NetBeansProjects/Mr.Green/web/JSP/contact-us.jsp</file>
            <file>file:/C:/Users/prateekchauhan/Documents/NetBeansProjects/Mr.Green/src/java/controller/ShoppingServlet.java</file>
            <file>file:/C:/Users/prateekchauhan/Documents/NetBeansProjects/Mr.Green/src/java/model/Java_Sms.java</file>
            <file>file:/C:/Users/prateekchauhan/Documents/NetBeansProjects/Mr.Green/web/JSP/try.jsp</file>
            <file>file:/C:/Users/prateekchauhan/Documents/NetBeansProjects/Mr.Green/src/java/model/emailType.java</file>
            <file>file:/C:/Users/prateekchauhan/Documents/NetBeansProjects/Mr.Green/web/css/reg.css</file>
            <file>file:/C:/Users/prateekchauhan/Documents/NetBeansProjects/Mr.Green/web/WEB-INF/web.xml</file>
            <file>file:/C:/Users/prateekchauhan/Documents/NetBeansProjects/Mr.Green/web/js/jquery.plugin.min.js</file>
            <file>file:/C:/Users/prateekchauhan/Documents/NetBeansProjects/Mr.Green/web/css/shop-homepage.css</file>
            <file>file:/C:/Users/prateekchauhan/Documents/NetBeansProjects/Mr.Green/src/java/model/CustomerMasterDAO.java</file>
            <file>file:/C:/Users/prateekchauhan/Documents/NetBeansProjects/Mr.Green/web/JSP/footer.jsp</file>
            <file>file:/C:/Users/prateekchauhan/Documents/NetBeansProjects/Mr.Green/web/JSP/Cart.jsp</file>
            <file>file:/C:/Users/prateekchauhan/Documents/NetBeansProjects/Mr.Green/web/JSP/nav.jsp</file>
            <file>file:/C:/Users/prateekchauhan/Documents/NetBeansProjects/Mr.Green/web/js/reg.js</file>
            <file>file:/C:/Users/prateekchauhan/Documents/NetBeansProjects/Mr.Green/web/JSP/payment.jsp</file>
            <file>file:/C:/Users/prateekchauhan/Documents/NetBeansProjects/Mr.Green/src/java/model/Product.java</file>
            <file>file:/C:/Users/prateekchauhan/Documents/NetBeansProjects/Mr.Green/web/JSP/forgotpassword.jsp</file>
            <file>file:/C:/Users/prateekchauhan/Documents/NetBeansProjects/Mr.Green/src/java/model/Cart.java</file>
            <file>file:/C:/Users/prateekchauhan/Documents/NetBeansProjects/Mr.Green/src/java/controller/RegisterServlet.java</file>
        </group>
    </open-files>
</project-private>
